Issue Type,Issue key,Issue id,Summary,Assignee,Assignee Id,Reporter,Reporter Id,Priority,Status,Resolution,Created,Updated,Due date
Bug,TTMA-24,10055,Wrong error message for password mismatch,Kareem Walid,712020:91e61cab-baed-48f8-8f48-2f24400a77f6,Kareem Walid,712020:91e61cab-baed-48f8-8f48-2f24400a77f6,Medium,To Do,,07/09/2026 22:56,08/09/2026 16:19,
Bug,TTMA-25,10056,No validation error shown when entering special characters in name field,Kareem Walid,712020:91e61cab-baed-48f8-8f48-2f24400a77f6,Kareem Walid,712020:91e61cab-baed-48f8-8f48-2f24400a77f6,Medium,To Do,,08/09/2026 13:00,08/09/2026 13:58,
Bug,TTMA-26,10089,Change Account Password option does not navigate to the password screen,Kareem Walid,712020:91e61cab-baed-48f8-8f48-2f24400a77f6,Kareem Walid,712020:91e61cab-baed-48f8-8f48-2f24400a77f6,Medium,To Do,,08/09/2026 14:40,08/09/2026 14:41,
Bug,TTMA-27,10122,Profile picture not updated after taking photo via camera,Kareem Walid,712020:91e61cab-baed-48f8-8f48-2f24400a77f6,Kareem Walid,712020:91e61cab-baed-48f8-8f48-2f24400a77f6,Medium,To Do,,08/09/2026 16:13,08/09/2026 16:16,
Bug,TTMA-28,10155,App language does not change when switching between English and Arabic,Kareem Walid,712020:91e61cab-baed-48f8-8f48-2f24400a77f6,Kareem Walid,712020:91e61cab-baed-48f8-8f48-2f24400a77f6,Medium,To Do,,08/09/2026 18:33,08/09/2026 18:33,
Bug,TTMA-29,10156,Missing Public/Private task type selection screen,Kareem Walid,712020:91e61cab-baed-48f8-8f48-2f24400a77f6,Kareem Walid,712020:91e61cab-baed-48f8-8f48-2f24400a77f6,Medium,To Do,,08/09/2026 18:48,08/09/2026 18:51,
Bug,TTMA-30,10189,Like button missing from public task card,Kareem Walid,712020:91e61cab-baed-48f8-8f48-2f24400a77f6,Kareem Walid,712020:91e61cab-baed-48f8-8f48-2f24400a77f6,Medium,To Do,,09/09/2026 12:55,09/09/2026 12:55,
Bug,TTMA-31,10190,Comment button does not respond when tapped,Kareem Walid,712020:91e61cab-baed-48f8-8f48-2f24400a77f6,Kareem Walid,712020:91e61cab-baed-48f8-8f48-2f24400a77f6,Medium,To Do,,09/09/2026 12:59,09/09/2026 12:59,
Bug,TTMA-32,10191,Unable to navigate to user profile from feed — no interactive elements,Kareem Walid,712020:91e61cab-baed-48f8-8f48-2f24400a77f6,Kareem Walid,712020:91e61cab-baed-48f8-8f48-2f24400a77f6,Medium,To Do,,09/09/2026 13:06,09/09/2026 13:07,
